C-H88-0;C-GRGEMAKT-0;F-ISIS-1
H88-1;GRBEZAKT-101;6696
H88-1;GRBEZAKT-102;1324
H88-1;GRBEZAKT-103;26769
H88-1;GRBEZAKT-104;32085
H88-1;GRBEZAKT-105;23806
H88-1;GRBEZAKT-106;23343
H88-1;GRBEZAKT-107;38909
H88-1;GRBEZAKT-108;44206
H88-1;GRBEZAKT-109;57163
H88-1;GRBEZAKT-201;23302
H88-1;GRBEZAKT-202;11304
H88-1;GRBEZAKT-210;19439
H88-1;GRBEZAKT-203;17740
H88-1;GRBEZAKT-204;32203
H88-1;GRBEZAKT-205;53149
H88-1;GRBEZAKT-206;43778
H88-1;GRBEZAKT-207;37630
H88-1;GRBEZAKT-208;37817
H88-1;GRBEZAKT-209;39035
H88-1;GRBEZAKT-301;18023
H88-1;GRBEZAKT-302;14470
H88-1;GRBEZAKT-303;7957
H88-1;GRBEZAKT-304;20619
H88-1;GRBEZAKT-305;58597
H88-1;GRBEZAKT-306;57063
H88-1;GRBEZAKT-307;53979
H88-1;GRBEZAKT-308;54352
H88-1;GRBEZAKT-309;47631
H88-1;GRBEZAKT-310;71791
H88-1;GRBEZAKT-311;36054
H88-1;GRBEZAKT-312;43662
H88-1;GRBEZAKT-313;56679
H88-1;GRBEZAKT-314;21123
H88-1;GRBEZAKT-315;56252
H88-1;GRBEZAKT-316;78397
H88-1;GRBEZAKT-317;28916
H88-1;GRBEZAKT-318;55417
H88-1;GRBEZAKT-319;66663
H88-1;GRBEZAKT-320;29974
H88-1;GRBEZAKT-321;53105
H88-1;GRBEZAKT-322;40092
H88-1;GRBEZAKT-323;46127
H88-1;GRBEZAKT-325;60289
H88-1;GRBEZAKT-401;49635
H88-1;GRBEZAKT-402;16593
H88-1;GRBEZAKT-403;11704
H88-1;GRBEZAKT-404;53206
H88-1;GRBEZAKT-405;21994
H88-1;GRBEZAKT-406;46492
H88-1;GRBEZAKT-407;50724
H88-1;GRBEZAKT-408;49379
H88-1;GRBEZAKT-409;39379
H88-1;GRBEZAKT-410;36047
H88-1;GRBEZAKT-411;38911
H88-1;GRBEZAKT-412;44715
H88-1;GRBEZAKT-413;55607
H88-1;GRBEZAKT-414;43063
H88-1;GRBEZAKT-415;41492
H88-1;GRBEZAKT-416;40719
H88-1;GRBEZAKT-417;63828
H88-1;GRBEZAKT-418;33368
H88-1;GRBEZAKT-501;27858
H88-1;GRBEZAKT-502;18674
H88-1;GRBEZAKT-503;37004
H88-1;GRBEZAKT-504;27105
H88-1;GRBEZAKT-505;13009
H88-1;GRBEZAKT-506;29509
H88-1;GRBEZAKT-601;98229
H88-1;GRBEZAKT-621;55368
H88-1;GRBEZAKT-603;47764
H88-1;GRBEZAKT-606;56995
H88-1;GRBEZAKT-622;70501
H88-1;GRBEZAKT-610;61807
H88-1;GRBEZAKT-611;34502
H88-1;GRBEZAKT-612;51257
H88-1;GRBEZAKT-620;44027
H88-1;GRBEZAKT-614;27202
H88-1;GRBEZAKT-623;82950
H88-1;GRBEZAKT-616;34899
H88-1;GRBEZAKT-617;55308
H88-1;GRBEZAKT-701;26573
H88-1;GRBEZAKT-702;23079
H88-1;GRBEZAKT-703;43319
H88-1;GRBEZAKT-704;22639
H88-1;GRBEZAKT-705;27032
H88-1;GRBEZAKT-706;21634
H88-1;GRBEZAKT-707;26833
H88-1;GRBEZAKT-708;17066
H88-1;GRBEZAKT-709;28251
H88-1;GRBEZAKT-801;21436
H88-1;GRBEZAKT-802;41186
H88-1;GRBEZAKT-803;16801
H88-1;GRBEZAKT-804;23279
H88-1;GRBEZAKT-900;900998
H88-1;GRBDL-1;254301
H88-1;GRBDL-2;315397
H88-1;GRBDL-3;1077232
H88-1;GRBDL-4;736856
H88-1;GRBDL-5;153159
H88-1;GRBDL-6;720809
H88-1;GRBDL-7;236426
H88-1;GRBDL-8;102702
H88-1;GRBDL-9;900998
H88-2;GRBEZAKT-101;7035
H88-2;GRBEZAKT-102;1403
H88-2;GRBEZAKT-103;28049
H88-2;GRBEZAKT-104;34071
H88-2;GRBEZAKT-105;25224
H88-2;GRBEZAKT-106;25177
H88-2;GRBEZAKT-107;42467
H88-2;GRBEZAKT-108;46626
H88-2;GRBEZAKT-109;60038
H88-2;GRBEZAKT-201;27137
H88-2;GRBEZAKT-202;13061
H88-2;GRBEZAKT-210;19723
H88-2;GRBEZAKT-203;18248
H88-2;GRBEZAKT-204;32867
H88-2;GRBEZAKT-205;52356
H88-2;GRBEZAKT-206;45295
H88-2;GRBEZAKT-207;38805
H88-2;GRBEZAKT-208;38091
H88-2;GRBEZAKT-209;39274
H88-2;GRBEZAKT-301;18950
H88-2;GRBEZAKT-302;16963
H88-2;GRBEZAKT-303;8102
H88-2;GRBEZAKT-304;22048
H88-2;GRBEZAKT-305;61788
H88-2;GRBEZAKT-306;65975
H88-2;GRBEZAKT-307;58549
H88-2;GRBEZAKT-308;61639
H88-2;GRBEZAKT-309;49973
H88-2;GRBEZAKT-310;75879
H88-2;GRBEZAKT-311;37775
H88-2;GRBEZAKT-312;45818
H88-2;GRBEZAKT-313;57274
H88-2;GRBEZAKT-314;22039
H88-2;GRBEZAKT-315;57496
H88-2;GRBEZAKT-316;84228
H88-2;GRBEZAKT-317;34284
H88-2;GRBEZAKT-318;62259
H88-2;GRBEZAKT-319;71070
H88-2;GRBEZAKT-320;30662
H88-2;GRBEZAKT-321;56387
H88-2;GRBEZAKT-322;41396
H88-2;GRBEZAKT-323;49843
H88-2;GRBEZAKT-325;62370
H88-2;GRBEZAKT-401;56569
H88-2;GRBEZAKT-402;21054
H88-2;GRBEZAKT-403;13175
H88-2;GRBEZAKT-404;54997
H88-2;GRBEZAKT-405;21400
H88-2;GRBEZAKT-406;48230
H88-2;GRBEZAKT-407;53301
H88-2;GRBEZAKT-408;48469
H88-2;GRBEZAKT-409;38410
H88-2;GRBEZAKT-410;37627
H88-2;GRBEZAKT-411;40993
H88-2;GRBEZAKT-412;45125
H88-2;GRBEZAKT-413;55774
H88-2;GRBEZAKT-414;43150
H88-2;GRBEZAKT-415;42009
H88-2;GRBEZAKT-416;41083
H88-2;GRBEZAKT-417;65520
H88-2;GRBEZAKT-418;33205
H88-2;GRBEZAKT-501;33241
H88-2;GRBEZAKT-502;19219
H88-2;GRBEZAKT-503;38261
H88-2;GRBEZAKT-504;28678
H88-2;GRBEZAKT-505;12868
H88-2;GRBEZAKT-506;31303
H88-2;GRBEZAKT-601;116770
H88-2;GRBEZAKT-621;60101
H88-2;GRBEZAKT-603;51566
H88-2;GRBEZAKT-606;59414
H88-2;GRBEZAKT-622;73082
H88-2;GRBEZAKT-610;63540
H88-2;GRBEZAKT-611;40315
H88-2;GRBEZAKT-612;53165
H88-2;GRBEZAKT-620;49544
H88-2;GRBEZAKT-614;27185
H88-2;GRBEZAKT-623;86441
H88-2;GRBEZAKT-616;39117
H88-2;GRBEZAKT-617;57213
H88-2;GRBEZAKT-701;32157
H88-2;GRBEZAKT-702;22621
H88-2;GRBEZAKT-703;43268
H88-2;GRBEZAKT-704;23138
H88-2;GRBEZAKT-705;29371
H88-2;GRBEZAKT-706;22354
H88-2;GRBEZAKT-707;27422
H88-2;GRBEZAKT-708;16613
H88-2;GRBEZAKT-709;27792
H88-2;GRBEZAKT-801;22448
H88-2;GRBEZAKT-802;41628
H88-2;GRBEZAKT-803;18056
H88-2;GRBEZAKT-804;25241
H88-2;GRBEZAKT-900;1162591
H88-2;GRBDL-1;270090
H88-2;GRBDL-2;324857
H88-2;GRBDL-3;1152767
H88-2;GRBDL-4;760091
H88-2;GRBDL-5;163570
H88-2;GRBDL-6;777453
H88-2;GRBDL-7;244736
H88-2;GRBDL-8;107373
H88-2;GRBDL-9;1162591
H88-3;GRBEZAKT-101;7351
H88-3;GRBEZAKT-102;1548
H88-3;GRBEZAKT-103;30653
H88-3;GRBEZAKT-104;37552
H88-3;GRBEZAKT-105;27016
H88-3;GRBEZAKT-106;25895
H88-3;GRBEZAKT-107;42311
H88-3;GRBEZAKT-108;47544
H88-3;GRBEZAKT-109;62355
H88-3;GRBEZAKT-201;29511
H88-3;GRBEZAKT-202;15950
H88-3;GRBEZAKT-210;20636
H88-3;GRBEZAKT-203;18220
H88-3;GRBEZAKT-204;34379
H88-3;GRBEZAKT-205;53600
H88-3;GRBEZAKT-206;45967
H88-3;GRBEZAKT-207;40267
H88-3;GRBEZAKT-208;37984
H88-3;GRBEZAKT-209;40499
H88-3;GRBEZAKT-301;18497
H88-3;GRBEZAKT-302;19184
H88-3;GRBEZAKT-303;8672
H88-3;GRBEZAKT-304;25040
H88-3;GRBEZAKT-305;64504
H88-3;GRBEZAKT-306;75656
H88-3;GRBEZAKT-307;63556
H88-3;GRBEZAKT-308;65754
H88-3;GRBEZAKT-309;49004
H88-3;GRBEZAKT-310;77584
H88-3;GRBEZAKT-311;38483
H88-3;GRBEZAKT-312;49873
H88-3;GRBEZAKT-313;57477
H88-3;GRBEZAKT-314;23603
H88-3;GRBEZAKT-315;59762
H88-3;GRBEZAKT-316;89020
H88-3;GRBEZAKT-317;44257
H88-3;GRBEZAKT-318;67426
H88-3;GRBEZAKT-319;73224
H88-3;GRBEZAKT-320;31250
H88-3;GRBEZAKT-321;58840
H88-3;GRBEZAKT-322;39952
H88-3;GRBEZAKT-323;50974
H88-3;GRBEZAKT-325;61879
H88-3;GRBEZAKT-401;65090
H88-3;GRBEZAKT-402;26139
H88-3;GRBEZAKT-403;14735
H88-3;GRBEZAKT-404;57327
H88-3;GRBEZAKT-405;21238
H88-3;GRBEZAKT-406;48147
H88-3;GRBEZAKT-407;55957
H88-3;GRBEZAKT-408;47769
H88-3;GRBEZAKT-409;38885
H88-3;GRBEZAKT-410;39319
H88-3;GRBEZAKT-411;41172
H88-3;GRBEZAKT-412;45886
H88-3;GRBEZAKT-413;54009
H88-3;GRBEZAKT-414;44433
H88-3;GRBEZAKT-415;44706
H88-3;GRBEZAKT-416;40912
H88-3;GRBEZAKT-417;67101
H88-3;GRBEZAKT-418;33671
H88-3;GRBEZAKT-501;38081
H88-3;GRBEZAKT-502;19983
H88-3;GRBEZAKT-503;40722
H88-3;GRBEZAKT-504;30118
H88-3;GRBEZAKT-505;12417
H88-3;GRBEZAKT-506;32189
H88-3;GRBEZAKT-601;135660
H88-3;GRBEZAKT-621;65877
H88-3;GRBEZAKT-603;53851
H88-3;GRBEZAKT-606;62873
H88-3;GRBEZAKT-622;74236
H88-3;GRBEZAKT-610;63323
H88-3;GRBEZAKT-611;46256
H88-3;GRBEZAKT-612;53846
H88-3;GRBEZAKT-620;56326
H88-3;GRBEZAKT-614;26735
H88-3;GRBEZAKT-623;89005
H88-3;GRBEZAKT-616;41512
H88-3;GRBEZAKT-617;58875
H88-3;GRBEZAKT-701;38463
H88-3;GRBEZAKT-702;21387
H88-3;GRBEZAKT-703;43625
H88-3;GRBEZAKT-704;23092
H88-3;GRBEZAKT-705;31296
H88-3;GRBEZAKT-706;20984
H88-3;GRBEZAKT-707;26988
H88-3;GRBEZAKT-708;15949
H88-3;GRBEZAKT-709;28200
H88-3;GRBEZAKT-801;23290
H88-3;GRBEZAKT-802;44864
H88-3;GRBEZAKT-803;20836
H88-3;GRBEZAKT-804;27083
H88-3;GRBEZAKT-900;1430213
H88-3;GRBDL-1;282225
H88-3;GRBDL-2;337013
H88-3;GRBDL-3;1213471
H88-3;GRBDL-4;786496
H88-3;GRBDL-5;173510
H88-3;GRBDL-6;828375
H88-3;GRBDL-7;249984
H88-3;GRBDL-8;116073
H88-3;GRBDL-9;1430213
H88-4;GRBEZAKT-101;7387
H88-4;GRBEZAKT-102;1609
H88-4;GRBEZAKT-103;33126
H88-4;GRBEZAKT-104;37906
H88-4;GRBEZAKT-105;26432
H88-4;GRBEZAKT-106;28663
H88-4;GRBEZAKT-107;45085
H88-4;GRBEZAKT-108;48724
H88-4;GRBEZAKT-109;63494
H88-4;GRBEZAKT-201;36057
H88-4;GRBEZAKT-202;19263
H88-4;GRBEZAKT-210;20073
H88-4;GRBEZAKT-203;18179
H88-4;GRBEZAKT-204;34014
H88-4;GRBEZAKT-205;53192
H88-4;GRBEZAKT-206;45075
H88-4;GRBEZAKT-207;39532
H88-4;GRBEZAKT-208;36401
H88-4;GRBEZAKT-209;41745
H88-4;GRBEZAKT-301;21022
H88-4;GRBEZAKT-302;24507
H88-4;GRBEZAKT-303;9698
H88-4;GRBEZAKT-304;28700
H88-4;GRBEZAKT-305;71214
H88-4;GRBEZAKT-306;86757
H88-4;GRBEZAKT-307;71861
H88-4;GRBEZAKT-308;71208
H88-4;GRBEZAKT-309;49863
H88-4;GRBEZAKT-310;77393
H88-4;GRBEZAKT-311;39688
H88-4;GRBEZAKT-312;53701
H88-4;GRBEZAKT-313;58949
H88-4;GRBEZAKT-314;26867
H88-4;GRBEZAKT-315;63046
H88-4;GRBEZAKT-316;93549
H88-4;GRBEZAKT-317;54621
H88-4;GRBEZAKT-318;75206
H88-4;GRBEZAKT-319;78529
H88-4;GRBEZAKT-320;33373
H88-4;GRBEZAKT-321;65011
H88-4;GRBEZAKT-322;39797
H88-4;GRBEZAKT-323;53809
H88-4;GRBEZAKT-325;62137
H88-4;GRBEZAKT-401;83356
H88-4;GRBEZAKT-402;22272
H88-4;GRBEZAKT-403;17308
H88-4;GRBEZAKT-404;58672
H88-4;GRBEZAKT-405;20748
H88-4;GRBEZAKT-406;48814
H88-4;GRBEZAKT-407;62220
H88-4;GRBEZAKT-408;47497
H88-4;GRBEZAKT-409;38783
H88-4;GRBEZAKT-410;40930
H88-4;GRBEZAKT-411;42799
H88-4;GRBEZAKT-412;45665
H88-4;GRBEZAKT-413;52173
H88-4;GRBEZAKT-414;43699
H88-4;GRBEZAKT-415;43211
H88-4;GRBEZAKT-416;40847
H88-4;GRBEZAKT-417;67834
H88-4;GRBEZAKT-418;34026
H88-4;GRBEZAKT-501;48945
H88-4;GRBEZAKT-502;22398
H88-4;GRBEZAKT-503;41928
H88-4;GRBEZAKT-504;31499
H88-4;GRBEZAKT-505;12974
H88-4;GRBEZAKT-506;35019
H88-4;GRBEZAKT-601;168808
H88-4;GRBEZAKT-621;73973
H88-4;GRBEZAKT-603;53374
H88-4;GRBEZAKT-606;63792
H88-4;GRBEZAKT-622;74751
H88-4;GRBEZAKT-610;62989
H88-4;GRBEZAKT-611;56486
H88-4;GRBEZAKT-612;57181
H88-4;GRBEZAKT-620;61783
H88-4;GRBEZAKT-614;26967
H88-4;GRBEZAKT-623;87365
H88-4;GRBEZAKT-616;42000
H88-4;GRBEZAKT-617;59548
H88-4;GRBEZAKT-701;49727
H88-4;GRBEZAKT-702;20957
H88-4;GRBEZAKT-703;45027
H88-4;GRBEZAKT-704;23718
H88-4;GRBEZAKT-705;34375
H88-4;GRBEZAKT-706;20836
H88-4;GRBEZAKT-707;26895
H88-4;GRBEZAKT-708;15636
H88-4;GRBEZAKT-709;29203
H88-4;GRBEZAKT-801;24307
H88-4;GRBEZAKT-802;49479
H88-4;GRBEZAKT-803;25066
H88-4;GRBEZAKT-804;30385
H88-4;GRBEZAKT-900;1769137
H88-4;GRBDL-1;292426
H88-4;GRBDL-2;343531
H88-4;GRBDL-3;1310506
H88-4;GRBDL-4;810854
H88-4;GRBDL-5;192763
H88-4;GRBDL-6;889017
H88-4;GRBDL-7;266374
H88-4;GRBDL-8;129237
H88-4;GRBDL-9;1769137
H88-5;GRBEZAKT-101;7073
H88-5;GRBEZAKT-102;1535
H88-5;GRBEZAKT-103;32876
H88-5;GRBEZAKT-104;36870
H88-5;GRBEZAKT-105;25889
H88-5;GRBEZAKT-106;30326
H88-5;GRBEZAKT-107;46072
H88-5;GRBEZAKT-108;49846
H88-5;GRBEZAKT-109;61520
H88-5;GRBEZAKT-201;45161
H88-5;GRBEZAKT-202;27451
H88-5;GRBEZAKT-210;20646
H88-5;GRBEZAKT-203;19045
H88-5;GRBEZAKT-204;34720
H88-5;GRBEZAKT-205;53911
H88-5;GRBEZAKT-206;49653
H88-5;GRBEZAKT-207;42028
H88-5;GRBEZAKT-208;36030
H88-5;GRBEZAKT-209;42727
H88-5;GRBEZAKT-301;22388
H88-5;GRBEZAKT-302;35648
H88-5;GRBEZAKT-303;10795
H88-5;GRBEZAKT-304;32874
H88-5;GRBEZAKT-305;78314
H88-5;GRBEZAKT-306;100848
H88-5;GRBEZAKT-307;76368
H88-5;GRBEZAKT-308;78066
H88-5;GRBEZAKT-309;53020
H88-5;GRBEZAKT-310;76688
H88-5;GRBEZAKT-311;41496
H88-5;GRBEZAKT-312;58940
H88-5;GRBEZAKT-313;59919
H88-5;GRBEZAKT-314;30958
H88-5;GRBEZAKT-315;66837
H88-5;GRBEZAKT-316;97946
H88-5;GRBEZAKT-317;64696
H88-5;GRBEZAKT-318;85792
H88-5;GRBEZAKT-319;86995
H88-5;GRBEZAKT-320;35325
H88-5;GRBEZAKT-321;72891
H88-5;GRBEZAKT-322;39698
H88-5;GRBEZAKT-323;56233
H88-5;GRBEZAKT-325;62503
H88-5;GRBEZAKT-401;97852
H88-5;GRBEZAKT-402;22205
H88-5;GRBEZAKT-403;22015
H88-5;GRBEZAKT-404;61256
H88-5;GRBEZAKT-405;21157
H88-5;GRBEZAKT-406;49563
H88-5;GRBEZAKT-407;67405
H88-5;GRBEZAKT-408;48766
H88-5;GRBEZAKT-409;40766
H88-5;GRBEZAKT-410;43342
H88-5;GRBEZAKT-411;43523
H88-5;GRBEZAKT-412;47147
H88-5;GRBEZAKT-413;51163
H88-5;GRBEZAKT-414;45336
H88-5;GRBEZAKT-415;43283
H88-5;GRBEZAKT-416;41123
H88-5;GRBEZAKT-417;72118
H88-5;GRBEZAKT-418;35575
H88-5;GRBEZAKT-501;56423
H88-5;GRBEZAKT-502;24600
H88-5;GRBEZAKT-503;45313
H88-5;GRBEZAKT-504;36516
H88-5;GRBEZAKT-505;14054
H88-5;GRBEZAKT-506;37831
H88-5;GRBEZAKT-601;193790
H88-5;GRBEZAKT-621;87394
H88-5;GRBEZAKT-603;53670
H88-5;GRBEZAKT-606;67453
H88-5;GRBEZAKT-622;78264
H88-5;GRBEZAKT-610;65315
H88-5;GRBEZAKT-611;63069
H88-5;GRBEZAKT-612;60353
H88-5;GRBEZAKT-620;66332
H88-5;GRBEZAKT-614;27539
H88-5;GRBEZAKT-623;89469
H88-5;GRBEZAKT-616;41139
H88-5;GRBEZAKT-617;63823
H88-5;GRBEZAKT-701;65221
H88-5;GRBEZAKT-702;21536
H88-5;GRBEZAKT-703;52474
H88-5;GRBEZAKT-704;26739
H88-5;GRBEZAKT-705;39598
H88-5;GRBEZAKT-706;22415
H88-5;GRBEZAKT-707;29074
H88-5;GRBEZAKT-708;16359
H88-5;GRBEZAKT-709;31297
H88-5;GRBEZAKT-801;25461
H88-5;GRBEZAKT-802;53785
H88-5;GRBEZAKT-803;31159
H88-5;GRBEZAKT-804;35003
H88-5;GRBEZAKT-900;2083630
H88-5;GRBDL-1;292007
H88-5;GRBDL-2;371372
H88-5;GRBDL-3;1425238
H88-5;GRBDL-4;853595
H88-5;GRBDL-5;214737
H88-5;GRBDL-6;957610
H88-5;GRBDL-7;304713
H88-5;GRBDL-8;145408
H88-5;GRBDL-9;2083630
H88-6;GRBEZAKT-101;6796
H88-6;GRBEZAKT-102;1361
H88-6;GRBEZAKT-103;33853
H88-6;GRBEZAKT-104;34385
H88-6;GRBEZAKT-105;23936
H88-6;GRBEZAKT-106;31075
H88-6;GRBEZAKT-107;46206
H88-6;GRBEZAKT-108;50571
H88-6;GRBEZAKT-109;57515
H88-6;GRBEZAKT-201;43536
H88-6;GRBEZAKT-202;30883
H88-6;GRBEZAKT-210;20330
H88-6;GRBEZAKT-203;18092
H88-6;GRBEZAKT-204;33855
H88-6;GRBEZAKT-205;54844
H88-6;GRBEZAKT-206;50793
H88-6;GRBEZAKT-207;42128
H88-6;GRBEZAKT-208;34482
H88-6;GRBEZAKT-209;42284
H88-6;GRBEZAKT-301;22205
H88-6;GRBEZAKT-302;40574
H88-6;GRBEZAKT-303;10912
H88-6;GRBEZAKT-304;36956
H88-6;GRBEZAKT-305;80993
H88-6;GRBEZAKT-306;104872
H88-6;GRBEZAKT-307;75763
H88-6;GRBEZAKT-308;79332
H88-6;GRBEZAKT-309;48805
H88-6;GRBEZAKT-310;73359
H88-6;GRBEZAKT-311;41180
H88-6;GRBEZAKT-312;58484
H88-6;GRBEZAKT-313;56757
H88-6;GRBEZAKT-314;30687
H88-6;GRBEZAKT-315;64829
H88-6;GRBEZAKT-316;94694
H88-6;GRBEZAKT-317;62849
H88-6;GRBEZAKT-318;90098
H88-6;GRBEZAKT-319;89097
H88-6;GRBEZAKT-320;35254
H88-6;GRBEZAKT-321;71598
H88-6;GRBEZAKT-322;37791
H88-6;GRBEZAKT-323;59564
H88-6;GRBEZAKT-325;60232
H88-6;GRBEZAKT-401;107463
H88-6;GRBEZAKT-402;27200
H88-6;GRBEZAKT-403;24248
H88-6;GRBEZAKT-404;64124
H88-6;GRBEZAKT-405;21513
H88-6;GRBEZAKT-406;49537
H88-6;GRBEZAKT-407;68254
H88-6;GRBEZAKT-408;48861
H88-6;GRBEZAKT-409;41056
H88-6;GRBEZAKT-410;44062
H88-6;GRBEZAKT-411;42014
H88-6;GRBEZAKT-412;48355
H88-6;GRBEZAKT-413;49483
H88-6;GRBEZAKT-414;45454
H88-6;GRBEZAKT-415;45201
H88-6;GRBEZAKT-416;39458
H88-6;GRBEZAKT-417;74425
H88-6;GRBEZAKT-418;35990
H88-6;GRBEZAKT-501;60026
H88-6;GRBEZAKT-502;24627
H88-6;GRBEZAKT-503;47522
H88-6;GRBEZAKT-504;38317
H88-6;GRBEZAKT-505;13785
H88-6;GRBEZAKT-506;38554
H88-6;GRBEZAKT-601;199578
H88-6;GRBEZAKT-621;93435
H88-6;GRBEZAKT-603;54232
H88-6;GRBEZAKT-606;69633
H88-6;GRBEZAKT-622;77875
H88-6;GRBEZAKT-610;65817
H88-6;GRBEZAKT-611;67734
H88-6;GRBEZAKT-612;60235
H88-6;GRBEZAKT-620;67144
H88-6;GRBEZAKT-614;27961
H88-6;GRBEZAKT-623;87127
H88-6;GRBEZAKT-616;44034
H88-6;GRBEZAKT-617;64011
H88-6;GRBEZAKT-701;70240
H88-6;GRBEZAKT-702;21842
H88-6;GRBEZAKT-703;52981
H88-6;GRBEZAKT-704;27577
H88-6;GRBEZAKT-705;41334
H88-6;GRBEZAKT-706;23352
H88-6;GRBEZAKT-707;28591
H88-6;GRBEZAKT-708;15827
H88-6;GRBEZAKT-709;32144
H88-6;GRBEZAKT-801;26346
H88-6;GRBEZAKT-802;51644
H88-6;GRBEZAKT-803;27899
H88-6;GRBEZAKT-804;34090
H88-6;GRBEZAKT-900;1918720
H88-6;GRBDL-1;285698
H88-6;GRBDL-2;371227
H88-6;GRBDL-3;1426885
H88-6;GRBDL-4;876698
H88-6;GRBDL-5;222831
H88-6;GRBDL-6;978816
H88-6;GRBDL-7;313888
H88-6;GRBDL-8;139979
H88-6;GRBDL-9;1918720
H88-7;GRBEZAKT-101;8897
H88-7;GRBEZAKT-102;1432
H88-7;GRBEZAKT-103;34757
H88-7;GRBEZAKT-104;34724
H88-7;GRBEZAKT-105;23699
H88-7;GRBEZAKT-106;33160
H88-7;GRBEZAKT-107;51669
H88-7;GRBEZAKT-108;51557
H88-7;GRBEZAKT-109;59552
H88-7;GRBEZAKT-201;53000
H88-7;GRBEZAKT-202;34085
H88-7;GRBEZAKT-210;21925
H88-7;GRBEZAKT-203;18755
H88-7;GRBEZAKT-204;35853
H88-7;GRBEZAKT-205;58054
H88-7;GRBEZAKT-206;54994
H88-7;GRBEZAKT-207;45879
H88-7;GRBEZAKT-208;37162
H88-7;GRBEZAKT-209;45422
H88-7;GRBEZAKT-301;23140
H88-7;GRBEZAKT-302;46304
H88-7;GRBEZAKT-303;11417
H88-7;GRBEZAKT-304;36798
H88-7;GRBEZAKT-305;84712
H88-7;GRBEZAKT-306;101896
H88-7;GRBEZAKT-307;78254
H88-7;GRBEZAKT-308;82466
H88-7;GRBEZAKT-309;49726
H88-7;GRBEZAKT-310;72202
H88-7;GRBEZAKT-311;41052
H88-7;GRBEZAKT-312;59275
H88-7;GRBEZAKT-313;55839
H88-7;GRBEZAKT-314;29374
H88-7;GRBEZAKT-315;68493
H88-7;GRBEZAKT-316;92436
H88-7;GRBEZAKT-317;67756
H88-7;GRBEZAKT-318;89871
H88-7;GRBEZAKT-319;90341
H88-7;GRBEZAKT-320;35711
H88-7;GRBEZAKT-321;74335
H88-7;GRBEZAKT-322;37416
H88-7;GRBEZAKT-323;58102
H88-7;GRBEZAKT-325;59759
H88-7;GRBEZAKT-401;115338
H88-7;GRBEZAKT-402;25351
H88-7;GRBEZAKT-403;25956
H88-7;GRBEZAKT-404;64777
H88-7;GRBEZAKT-405;22169
H88-7;GRBEZAKT-406;50066
H88-7;GRBEZAKT-407;71361
H88-7;GRBEZAKT-408;50941
H88-7;GRBEZAKT-409;41993
H88-7;GRBEZAKT-410;47032
H88-7;GRBEZAKT-411;43618
H88-7;GRBEZAKT-412;48562
H88-7;GRBEZAKT-413;50518
H88-7;GRBEZAKT-414;46271
H88-7;GRBEZAKT-415;44720
H88-7;GRBEZAKT-416;40320
H88-7;GRBEZAKT-417;76407
H88-7;GRBEZAKT-418;37565
H88-7;GRBEZAKT-501;69447
H88-7;GRBEZAKT-502;26988
H88-7;GRBEZAKT-503;49736
H88-7;GRBEZAKT-504;41996
H88-7;GRBEZAKT-505;14419
H88-7;GRBEZAKT-506;43215
H88-7;GRBEZAKT-601;210845
H88-7;GRBEZAKT-621;92741
H88-7;GRBEZAKT-603;55442
H88-7;GRBEZAKT-606;74349
H88-7;GRBEZAKT-622;80399
H88-7;GRBEZAKT-610;68646
H88-7;GRBEZAKT-611;65434
H88-7;GRBEZAKT-612;62365
H88-7;GRBEZAKT-620;71857
H88-7;GRBEZAKT-614;29755
H88-7;GRBEZAKT-623;88143
H88-7;GRBEZAKT-616;45843
H88-7;GRBEZAKT-617;69101
H88-7;GRBEZAKT-701;78797
H88-7;GRBEZAKT-702;24210
H88-7;GRBEZAKT-703;61614
H88-7;GRBEZAKT-704;30502
H88-7;GRBEZAKT-705;44834
H88-7;GRBEZAKT-706;24708
H88-7;GRBEZAKT-707;31169
H88-7;GRBEZAKT-708;17602
H88-7;GRBEZAKT-709;35662
H88-7;GRBEZAKT-801;30621
H88-7;GRBEZAKT-802;56304
H88-7;GRBEZAKT-803;30897
H88-7;GRBEZAKT-804;37580
H88-7;GRBEZAKT-900;1935881
H88-7;GRBEZAKT-0;4726
H88-7;GRBDL-1;299447
H88-7;GRBDL-2;405129
H88-7;GRBDL-3;1446675
H88-7;GRBDL-4;902965
H88-7;GRBDL-5;245801
H88-7;GRBDL-6;1014920
H88-7;GRBDL-7;349098
H88-7;GRBDL-8;155402
H88-7;GRBDL-9;1935881
H88-7;GRBDL-0;4726
H88-8;GRBEZAKT-101;9005
H88-8;GRBEZAKT-102;1542
H88-8;GRBEZAKT-103;34524
H88-8;GRBEZAKT-104;32189
H88-8;GRBEZAKT-105;22653
H88-8;GRBEZAKT-106;32211
H88-8;GRBEZAKT-107;52270
H88-8;GRBEZAKT-108;47027
H88-8;GRBEZAKT-109;56445
H88-8;GRBEZAKT-201;61286
H88-8;GRBEZAKT-202;36012
H88-8;GRBEZAKT-210;20805
H88-8;GRBEZAKT-203;19132
H88-8;GRBEZAKT-204;35854
H88-8;GRBEZAKT-205;56308
H88-8;GRBEZAKT-206;56735
H88-8;GRBEZAKT-207;46128
H88-8;GRBEZAKT-208;37468
H88-8;GRBEZAKT-209;46540
H88-8;GRBEZAKT-301;23665
H88-8;GRBEZAKT-302;48583
H88-8;GRBEZAKT-303;11132
H88-8;GRBEZAKT-304;39344
H88-8;GRBEZAKT-305;85972
H88-8;GRBEZAKT-306;105095
H88-8;GRBEZAKT-307;78765
H88-8;GRBEZAKT-308;84401
H88-8;GRBEZAKT-309;47794
H88-8;GRBEZAKT-310;70871
H88-8;GRBEZAKT-311;42241
H88-8;GRBEZAKT-312;63094
H88-8;GRBEZAKT-313;54114
H88-8;GRBEZAKT-314;28414
H88-8;GRBEZAKT-315;68787
H88-8;GRBEZAKT-316;91527
H88-8;GRBEZAKT-317;72054
H88-8;GRBEZAKT-318;87682
H88-8;GRBEZAKT-319;89173
H88-8;GRBEZAKT-320;34898
H88-8;GRBEZAKT-321;76113
H88-8;GRBEZAKT-322;36773
H88-8;GRBEZAKT-323;57045
H88-8;GRBEZAKT-325;57836
H88-8;GRBEZAKT-401;128177
H88-8;GRBEZAKT-402;31017
H88-8;GRBEZAKT-403;29533
H88-8;GRBEZAKT-404;63490
H88-8;GRBEZAKT-405;21855
H88-8;GRBEZAKT-406;49675
H88-8;GRBEZAKT-407;72275
H88-8;GRBEZAKT-408;50125
H88-8;GRBEZAKT-409;40384
H88-8;GRBEZAKT-410;49773
H88-8;GRBEZAKT-411;45013
H88-8;GRBEZAKT-412;48380
H88-8;GRBEZAKT-413;49633
H88-8;GRBEZAKT-414;46374
H88-8;GRBEZAKT-415;44816
H88-8;GRBEZAKT-416;40225
H88-8;GRBEZAKT-417;79239
H88-8;GRBEZAKT-418;37599
H88-8;GRBEZAKT-501;77170
H88-8;GRBEZAKT-502;27094
H88-8;GRBEZAKT-503;50009
H88-8;GRBEZAKT-504;43115
H88-8;GRBEZAKT-505;14283
H88-8;GRBEZAKT-506;45555
H88-8;GRBEZAKT-601;208016
H88-8;GRBEZAKT-621;93930
H88-8;GRBEZAKT-603;53624
H88-8;GRBEZAKT-606;74374
H88-8;GRBEZAKT-622;78408
H88-8;GRBEZAKT-610;66934
H88-8;GRBEZAKT-611;73262
H88-8;GRBEZAKT-612;65104
H88-8;GRBEZAKT-620;73353
H88-8;GRBEZAKT-614;29368
H88-8;GRBEZAKT-623;84983
H88-8;GRBEZAKT-616;44862
H88-8;GRBEZAKT-617;68836
H88-8;GRBEZAKT-701;81710
H88-8;GRBEZAKT-702;25426
H88-8;GRBEZAKT-703;64613
H88-8;GRBEZAKT-704;31111
H88-8;GRBEZAKT-705;46160
H88-8;GRBEZAKT-706;26316
H88-8;GRBEZAKT-707;33445
H88-8;GRBEZAKT-708;17952
H88-8;GRBEZAKT-709;37226
H88-8;GRBEZAKT-801;31672
H88-8;GRBEZAKT-802;56407
H88-8;GRBEZAKT-803;32079
H88-8;GRBEZAKT-804;38142
H88-8;GRBEZAKT-900;1770938
H88-8;GRBDL-1;287866
H88-8;GRBDL-2;416268
H88-8;GRBDL-3;1455373
H88-8;GRBDL-4;927583
H88-8;GRBDL-5;257226
H88-8;GRBDL-6;1015054
H88-8;GRBDL-7;363959
H88-8;GRBDL-8;158300
H88-8;GRBDL-9;1770938
H88-9;GRBEZAKT-101;7568
H88-9;GRBEZAKT-102;1596
H88-9;GRBEZAKT-103;33256
H88-9;GRBEZAKT-104;31312
H88-9;GRBEZAKT-105;20530
H88-9;GRBEZAKT-106;32141
H88-9;GRBEZAKT-107;50572
H88-9;GRBEZAKT-108;46470
H88-9;GRBEZAKT-109;52691
H88-9;GRBEZAKT-201;68187
H88-9;GRBEZAKT-202;43358
H88-9;GRBEZAKT-210;23640
H88-9;GRBEZAKT-203;20656
H88-9;GRBEZAKT-204;40481
H88-9;GRBEZAKT-205;62471
H88-9;GRBEZAKT-206;68514
H88-9;GRBEZAKT-207;56635
H88-9;GRBEZAKT-208;39726
H88-9;GRBEZAKT-209;51096
H88-9;GRBEZAKT-301;22410
H88-9;GRBEZAKT-302;44005
H88-9;GRBEZAKT-303;11622
H88-9;GRBEZAKT-304;30559
H88-9;GRBEZAKT-305;85178
H88-9;GRBEZAKT-306;96110
H88-9;GRBEZAKT-307;73607
H88-9;GRBEZAKT-308;81910
H88-9;GRBEZAKT-309;49889
H88-9;GRBEZAKT-310;67637
H88-9;GRBEZAKT-311;40913
H88-9;GRBEZAKT-312;57215
H88-9;GRBEZAKT-313;54999
H88-9;GRBEZAKT-314;28407
H88-9;GRBEZAKT-315;66261
H88-9;GRBEZAKT-316;88680
H88-9;GRBEZAKT-317;68247
H88-9;GRBEZAKT-318;88335
H88-9;GRBEZAKT-319;90893
H88-9;GRBEZAKT-320;35759
H88-9;GRBEZAKT-321;72855
H88-9;GRBEZAKT-322;36565
H88-9;GRBEZAKT-323;55903
H88-9;GRBEZAKT-325;52512
H88-9;GRBEZAKT-401;184685
H88-9;GRBEZAKT-402;36818
H88-9;GRBEZAKT-403;38120
H88-9;GRBEZAKT-404;77320
H88-9;GRBEZAKT-405;24868
H88-9;GRBEZAKT-406;51067
H88-9;GRBEZAKT-407;85298
H88-9;GRBEZAKT-408;54537
H88-9;GRBEZAKT-409;47804
H88-9;GRBEZAKT-410;66353
H88-9;GRBEZAKT-411;44707
H88-9;GRBEZAKT-412;54945
H88-9;GRBEZAKT-413;50568
H88-9;GRBEZAKT-414;53605
H88-9;GRBEZAKT-415;49974
H88-9;GRBEZAKT-416;41751
H88-9;GRBEZAKT-417;99698
H88-9;GRBEZAKT-418;46602
H88-9;GRBEZAKT-501;102927
H88-9;GRBEZAKT-502;34263
H88-9;GRBEZAKT-503;64236
H88-9;GRBEZAKT-504;53072
H88-9;GRBEZAKT-505;16558
H88-9;GRBEZAKT-506;56176
H88-9;GRBEZAKT-601;226453
H88-9;GRBEZAKT-621;111210
H88-9;GRBEZAKT-603;58580
H88-9;GRBEZAKT-606;81991
H88-9;GRBEZAKT-622;80989
H88-9;GRBEZAKT-610;71938
H88-9;GRBEZAKT-611;81942
H88-9;GRBEZAKT-612;73087
H88-9;GRBEZAKT-620;78007
H88-9;GRBEZAKT-614;32453
H88-9;GRBEZAKT-623;86435
H88-9;GRBEZAKT-616;53635
H88-9;GRBEZAKT-617;72615
H88-9;GRBEZAKT-701;95055
H88-9;GRBEZAKT-702;29954
H88-9;GRBEZAKT-703;78131
H88-9;GRBEZAKT-704;36669
H88-9;GRBEZAKT-705;56093
H88-9;GRBEZAKT-706;28882
H88-9;GRBEZAKT-707;37747
H88-9;GRBEZAKT-708;20901
H88-9;GRBEZAKT-709;44033
H88-9;GRBEZAKT-801;38360
H88-9;GRBEZAKT-802;70056
H88-9;GRBEZAKT-803;39814
H88-9;GRBEZAKT-804;45427
H88-9;GRBEZAKT-900;1616125
H88-9;GRBDL-1;276136
H88-9;GRBDL-2;474764
H88-9;GRBDL-3;1400471
H88-9;GRBDL-4;1108720
H88-9;GRBDL-5;327232
H88-9;GRBDL-6;1109335
H88-9;GRBDL-7;427465
H88-9;GRBDL-8;193657
H88-9;GRBDL-9;1616125
H88-10;GRBEZAKT-101;9315
H88-10;GRBEZAKT-102;1690
H88-10;GRBEZAKT-103;33348
H88-10;GRBEZAKT-104;29553
H88-10;GRBEZAKT-105;19679
H88-10;GRBEZAKT-106;32376
H88-10;GRBEZAKT-107;49509
H88-10;GRBEZAKT-108;43598
H88-10;GRBEZAKT-109;51933
H88-10;GRBEZAKT-201;75684
H88-10;GRBEZAKT-202;47140
H88-10;GRBEZAKT-210;24124
H88-10;GRBEZAKT-203;20351
H88-10;GRBEZAKT-204;41173
H88-10;GRBEZAKT-205;61408
H88-10;GRBEZAKT-206;72680
H88-10;GRBEZAKT-207;56890
H88-10;GRBEZAKT-208;40461
H88-10;GRBEZAKT-209;55315
H88-10;GRBEZAKT-301;23097
H88-10;GRBEZAKT-302;46520
H88-10;GRBEZAKT-303;11894
H88-10;GRBEZAKT-304;33845
H88-10;GRBEZAKT-305;88978
H88-10;GRBEZAKT-306;97785
H88-10;GRBEZAKT-307;72417
H88-10;GRBEZAKT-308;76749
H88-10;GRBEZAKT-309;47313
H88-10;GRBEZAKT-310;58752
H88-10;GRBEZAKT-311;38288
H88-10;GRBEZAKT-312;56244
H88-10;GRBEZAKT-313;52601
H88-10;GRBEZAKT-314;28833
H88-10;GRBEZAKT-315;67887
H88-10;GRBEZAKT-316;79405
H88-10;GRBEZAKT-317;68114
H88-10;GRBEZAKT-318;87987
H88-10;GRBEZAKT-319;89674
H88-10;GRBEZAKT-320;36795
H88-10;GRBEZAKT-321;71345
H88-10;GRBEZAKT-322;33590
H88-10;GRBEZAKT-323;55404
H88-10;GRBEZAKT-325;50495
H88-10;GRBEZAKT-401;195978
H88-10;GRBEZAKT-402;38306
H88-10;GRBEZAKT-403;41060
H88-10;GRBEZAKT-404;78253
H88-10;GRBEZAKT-405;24098
H88-10;GRBEZAKT-406;52861
H88-10;GRBEZAKT-407;83905
H88-10;GRBEZAKT-408;51723
H88-10;GRBEZAKT-409;46183
H88-10;GRBEZAKT-410;79522
H88-10;GRBEZAKT-411;46980
H88-10;GRBEZAKT-412;50106
H88-10;GRBEZAKT-413;51414
H88-10;GRBEZAKT-414;50332
H88-10;GRBEZAKT-415;49321
H88-10;GRBEZAKT-416;44782
H88-10;GRBEZAKT-417;100802
H88-10;GRBEZAKT-418;45997
H88-10;GRBEZAKT-501;108114
H88-10;GRBEZAKT-502;35637
H88-10;GRBEZAKT-503;70913
H88-10;GRBEZAKT-504;57100
H88-10;GRBEZAKT-505;17519
H88-10;GRBEZAKT-506;58009
H88-10;GRBEZAKT-601;237080
H88-10;GRBEZAKT-621;116571
H88-10;GRBEZAKT-603;57204
H88-10;GRBEZAKT-606;88607
H88-10;GRBEZAKT-622;81900
H88-10;GRBEZAKT-610;69028
H88-10;GRBEZAKT-611;83197
H88-10;GRBEZAKT-612;76091
H88-10;GRBEZAKT-620;81109
H88-10;GRBEZAKT-614;32393
H88-10;GRBEZAKT-623;84007
H88-10;GRBEZAKT-616;55656
H88-10;GRBEZAKT-617;75022
H88-10;GRBEZAKT-701;100695
H88-10;GRBEZAKT-702;33174
H88-10;GRBEZAKT-703;86174
H88-10;GRBEZAKT-704;39795
H88-10;GRBEZAKT-705;60022
H88-10;GRBEZAKT-706;31106
H88-10;GRBEZAKT-707;41123
H88-10;GRBEZAKT-708;22489
H88-10;GRBEZAKT-709;48321
H88-10;GRBEZAKT-801;43000
H88-10;GRBEZAKT-802;78958
H88-10;GRBEZAKT-803;49845
H88-10;GRBEZAKT-804;54520
H88-10;GRBEZAKT-900;1627566
H88-10;GRBDL-1;271001
H88-10;GRBDL-2;495226
H88-10;GRBDL-3;1374012
H88-10;GRBDL-4;1131623
H88-10;GRBDL-5;347292
H88-10;GRBDL-6;1137865
H88-10;GRBDL-7;462899
H88-10;GRBDL-8;226323
H88-10;GRBDL-9;1627566
H88-11;GRBEZAKT-101;10062
H88-11;GRBEZAKT-102;1711
H88-11;GRBEZAKT-103;33558
H88-11;GRBEZAKT-104;29416
H88-11;GRBEZAKT-105;19722
H88-11;GRBEZAKT-106;33624
H88-11;GRBEZAKT-107;49342
H88-11;GRBEZAKT-108;41378
H88-11;GRBEZAKT-109;53506
H88-11;GRBEZAKT-201;82840
H88-11;GRBEZAKT-202;51112
H88-11;GRBEZAKT-210;26335
H88-11;GRBEZAKT-203;20739
H88-11;GRBEZAKT-204;46411
H88-11;GRBEZAKT-205;60397
H88-11;GRBEZAKT-206;78227
H88-11;GRBEZAKT-207;60514
H88-11;GRBEZAKT-208;42664
H88-11;GRBEZAKT-209;57520
H88-11;GRBEZAKT-301;23520
H88-11;GRBEZAKT-302;49664
H88-11;GRBEZAKT-303;11730
H88-11;GRBEZAKT-304;34853
H88-11;GRBEZAKT-305;98406
H88-11;GRBEZAKT-306;105093
H88-11;GRBEZAKT-307;76512
H88-11;GRBEZAKT-308;76532
H88-11;GRBEZAKT-309;46916
H88-11;GRBEZAKT-310;54963
H88-11;GRBEZAKT-311;36863
H88-11;GRBEZAKT-312;60049
H88-11;GRBEZAKT-313;53161
H88-11;GRBEZAKT-314;28962
H88-11;GRBEZAKT-315;71633
H88-11;GRBEZAKT-316;75246
H88-11;GRBEZAKT-317;80484
H88-11;GRBEZAKT-318;88512
H88-11;GRBEZAKT-319;94613
H88-11;GRBEZAKT-320;38996
H88-11;GRBEZAKT-321;72682
H88-11;GRBEZAKT-322;32434
H88-11;GRBEZAKT-323;58670
H88-11;GRBEZAKT-325;50322
H88-11;GRBEZAKT-401;204889
H88-11;GRBEZAKT-402;40822
H88-11;GRBEZAKT-403;47527
H88-11;GRBEZAKT-404;85654
H88-11;GRBEZAKT-405;26491
H88-11;GRBEZAKT-406;56239
H88-11;GRBEZAKT-407;88267
H88-11;GRBEZAKT-408;54899
H88-11;GRBEZAKT-409;48448
H88-11;GRBEZAKT-410;97490
H88-11;GRBEZAKT-411;52414
H88-11;GRBEZAKT-412;53093
H88-11;GRBEZAKT-413;52865
H88-11;GRBEZAKT-414;54059
H88-11;GRBEZAKT-415;52478
H88-11;GRBEZAKT-416;52865
H88-11;GRBEZAKT-417;110140
H88-11;GRBEZAKT-418;51332
H88-11;GRBEZAKT-501;129919
H88-11;GRBEZAKT-502;41115
H88-11;GRBEZAKT-503;85032
H88-11;GRBEZAKT-504;63479
H88-11;GRBEZAKT-505;19116
H88-11;GRBEZAKT-506;66454
H88-11;GRBEZAKT-601;249089
H88-11;GRBEZAKT-621;122519
H88-11;GRBEZAKT-603;59041
H88-11;GRBEZAKT-606;99850
H88-11;GRBEZAKT-622;86107
H88-11;GRBEZAKT-610;71848
H88-11;GRBEZAKT-611;85055
H88-11;GRBEZAKT-612;81323
H88-11;GRBEZAKT-620;83658
H88-11;GRBEZAKT-614;32845
H88-11;GRBEZAKT-623;87688
H88-11;GRBEZAKT-616;56924
H88-11;GRBEZAKT-617;79076
H88-11;GRBEZAKT-701;116010
H88-11;GRBEZAKT-702;38326
H88-11;GRBEZAKT-703;107834
H88-11;GRBEZAKT-704;46516
H88-11;GRBEZAKT-705;70875
H88-11;GRBEZAKT-706;35629
H88-11;GRBEZAKT-707;45614
H88-11;GRBEZAKT-708;26068
H88-11;GRBEZAKT-709;57611
H88-11;GRBEZAKT-801;49539
H88-11;GRBEZAKT-802;95235
H88-11;GRBEZAKT-803;62051
H88-11;GRBEZAKT-804;70329
H88-11;GRBEZAKT-900;1619885
H88-11;GRBDL-1;272319
H88-11;GRBDL-2;526759
H88-11;GRBDL-3;1420816
H88-11;GRBDL-4;1229972
H88-11;GRBDL-5;405115
H88-11;GRBDL-6;1195023
H88-11;GRBDL-7;544483
H88-11;GRBDL-8;277154
H88-11;GRBDL-9;1619885
H88-12;GRBEZAKT-101;10102
H88-12;GRBEZAKT-102;1693
H88-12;GRBEZAKT-103;34119
H88-12;GRBEZAKT-104;28960
H88-12;GRBEZAKT-105;18937
H88-12;GRBEZAKT-106;34408
H88-12;GRBEZAKT-107;48458
H88-12;GRBEZAKT-108;39447
H88-12;GRBEZAKT-109;53647
H88-12;GRBEZAKT-201;87321
H88-12;GRBEZAKT-202;52692
H88-12;GRBEZAKT-210;27268
H88-12;GRBEZAKT-203;20092
H88-12;GRBEZAKT-204;49572
H88-12;GRBEZAKT-205;59209
H88-12;GRBEZAKT-206;79710
H88-12;GRBEZAKT-207;60642
H88-12;GRBEZAKT-208;43236
H88-12;GRBEZAKT-209;56437
H88-12;GRBEZAKT-301;23076
H88-12;GRBEZAKT-302;50419
H88-12;GRBEZAKT-303;11337
H88-12;GRBEZAKT-304;35006
H88-12;GRBEZAKT-305;101409
H88-12;GRBEZAKT-306;108373
H88-12;GRBEZAKT-307;75794
H88-12;GRBEZAKT-308;75288
H88-12;GRBEZAKT-309;43733
H88-12;GRBEZAKT-310;50262
H88-12;GRBEZAKT-311;34599
H88-12;GRBEZAKT-312;61385
H88-12;GRBEZAKT-313;52352
H88-12;GRBEZAKT-314;27677
H88-12;GRBEZAKT-315;72191
H88-12;GRBEZAKT-316;70744
H88-12;GRBEZAKT-317;92183
H88-12;GRBEZAKT-318;85914
H88-12;GRBEZAKT-319;99296
H88-12;GRBEZAKT-320;40175
H88-12;GRBEZAKT-321;76180
H88-12;GRBEZAKT-322;30391
H88-12;GRBEZAKT-323;61727
H88-12;GRBEZAKT-325;48338
H88-12;GRBEZAKT-401;199910
H88-12;GRBEZAKT-402;38942
H88-12;GRBEZAKT-403;51060
H88-12;GRBEZAKT-404;87061
H88-12;GRBEZAKT-405;27163
H88-12;GRBEZAKT-406;57770
H88-12;GRBEZAKT-407;90502
H88-12;GRBEZAKT-408;57092
H88-12;GRBEZAKT-409;49605
H88-12;GRBEZAKT-410;109162
H88-12;GRBEZAKT-411;55809
H88-12;GRBEZAKT-412;53936
H88-12;GRBEZAKT-413;54422
H88-12;GRBEZAKT-414;54900
H88-12;GRBEZAKT-415;52858
H88-12;GRBEZAKT-416;61425
H88-12;GRBEZAKT-417;114031
H88-12;GRBEZAKT-418;53892
H88-12;GRBEZAKT-501;139426
H88-12;GRBEZAKT-502;44815
H88-12;GRBEZAKT-503;98733
H88-12;GRBEZAKT-504;67410
H88-12;GRBEZAKT-505;20106
H88-12;GRBEZAKT-506;71811
H88-12;GRBEZAKT-601;243166
H88-12;GRBEZAKT-621;117670
H88-12;GRBEZAKT-603;59515
H88-12;GRBEZAKT-606;106496
H88-12;GRBEZAKT-622;87659
H88-12;GRBEZAKT-610;72101
H88-12;GRBEZAKT-611;79154
H88-12;GRBEZAKT-612;81686
H88-12;GRBEZAKT-620;82748
H88-12;GRBEZAKT-614;32427
H88-12;GRBEZAKT-623;87575
H88-12;GRBEZAKT-616;55806
H88-12;GRBEZAKT-617;80522
H88-12;GRBEZAKT-701;117287
H88-12;GRBEZAKT-702;42358
H88-12;GRBEZAKT-703;125299
H88-12;GRBEZAKT-704;49747
H88-12;GRBEZAKT-705;76966
H88-12;GRBEZAKT-706;37553
H88-12;GRBEZAKT-707;47494
H88-12;GRBEZAKT-708;27370
H88-12;GRBEZAKT-709;62589
H88-12;GRBEZAKT-801;53104
H88-12;GRBEZAKT-802;105345
H88-12;GRBEZAKT-803;68708
H88-12;GRBEZAKT-804;78007
H88-12;GRBEZAKT-900;1531346
H88-12;GRBDL-1;269771
H88-12;GRBDL-2;536179
H88-12;GRBDL-3;1427849
H88-12;GRBDL-4;1269540
H88-12;GRBDL-5;442301
H88-12;GRBDL-6;1186525
H88-12;GRBDL-7;586663
H88-12;GRBDL-8;305164
H88-12;GRBDL-9;1531346
H88-13;GRBEZAKT-101;10349
H88-13;GRBEZAKT-102;1696
H88-13;GRBEZAKT-103;36096
H88-13;GRBEZAKT-104;27977
H88-13;GRBEZAKT-105;18045
H88-13;GRBEZAKT-106;35075
H88-13;GRBEZAKT-107;49397
H88-13;GRBEZAKT-108;38462
H88-13;GRBEZAKT-109;53783
H88-13;GRBEZAKT-201;89415
H88-13;GRBEZAKT-202;54640
H88-13;GRBEZAKT-210;28632
H88-13;GRBEZAKT-203;20245
H88-13;GRBEZAKT-204;52874
H88-13;GRBEZAKT-205;58850
H88-13;GRBEZAKT-206;80802
H88-13;GRBEZAKT-207;62596
H88-13;GRBEZAKT-208;43441
H88-13;GRBEZAKT-209;56303
H88-13;GRBEZAKT-301;22783
H88-13;GRBEZAKT-302;50026
H88-13;GRBEZAKT-303;11435
H88-13;GRBEZAKT-304;35134
H88-13;GRBEZAKT-305;105143
H88-13;GRBEZAKT-306;115425
H88-13;GRBEZAKT-307;79180
H88-13;GRBEZAKT-308;80687
H88-13;GRBEZAKT-309;41314
H88-13;GRBEZAKT-310;49066
H88-13;GRBEZAKT-311;32465
H88-13;GRBEZAKT-312;67674
H88-13;GRBEZAKT-313;52589
H88-13;GRBEZAKT-314;27072
H88-13;GRBEZAKT-315;73319
H88-13;GRBEZAKT-316;70922
H88-13;GRBEZAKT-317;100456
H88-13;GRBEZAKT-318;85503
H88-13;GRBEZAKT-319;109703
H88-13;GRBEZAKT-320;40528
H88-13;GRBEZAKT-321;82073
H88-13;GRBEZAKT-322;28607
H88-13;GRBEZAKT-323;66462
H88-13;GRBEZAKT-325;46247
H88-13;GRBEZAKT-401;203044
H88-13;GRBEZAKT-402;39337
H88-13;GRBEZAKT-403;52594
H88-13;GRBEZAKT-404;91463
H88-13;GRBEZAKT-405;28726
H88-13;GRBEZAKT-406;61101
H88-13;GRBEZAKT-407;95949
H88-13;GRBEZAKT-408;59744
H88-13;GRBEZAKT-409;51608
H88-13;GRBEZAKT-410;119341
H88-13;GRBEZAKT-411;59056
H88-13;GRBEZAKT-412;55722
H88-13;GRBEZAKT-413;55990
H88-13;GRBEZAKT-414;56334
H88-13;GRBEZAKT-415;54590
H88-13;GRBEZAKT-416;70274
H88-13;GRBEZAKT-417;120277
H88-13;GRBEZAKT-418;58330
H88-13;GRBEZAKT-501;143978
H88-13;GRBEZAKT-502;50396
H88-13;GRBEZAKT-503;118137
H88-13;GRBEZAKT-504;71955
H88-13;GRBEZAKT-505;20622
H88-13;GRBEZAKT-506;77277
H88-13;GRBEZAKT-601;237810
H88-13;GRBEZAKT-621;112536
H88-13;GRBEZAKT-603;60581
H88-13;GRBEZAKT-606;118162
H88-13;GRBEZAKT-622;89674
H88-13;GRBEZAKT-610;73954
H88-13;GRBEZAKT-611;72210
H88-13;GRBEZAKT-612;82514
H88-13;GRBEZAKT-620;79638
H88-13;GRBEZAKT-614;32257
H88-13;GRBEZAKT-623;87511
H88-13;GRBEZAKT-616;54577
H88-13;GRBEZAKT-617;83296
H88-13;GRBEZAKT-701;118112
H88-13;GRBEZAKT-702;46833
H88-13;GRBEZAKT-703;141334
H88-13;GRBEZAKT-704;54127
H88-13;GRBEZAKT-705;84627
H88-13;GRBEZAKT-706;40207
H88-13;GRBEZAKT-707;48338
H88-13;GRBEZAKT-708;29140
H88-13;GRBEZAKT-709;68692
H88-13;GRBEZAKT-801;56944
H88-13;GRBEZAKT-802;115500
H88-13;GRBEZAKT-803;72750
H88-13;GRBEZAKT-804;86278
H88-13;GRBEZAKT-900;1539848
H88-13;GRBDL-1;270880
H88-13;GRBDL-2;547798
H88-13;GRBDL-3;1473813
H88-13;GRBDL-4;1333480
H88-13;GRBDL-5;482365
H88-13;GRBDL-6;1184720
H88-13;GRBDL-7;631410
H88-13;GRBDL-8;331472
H88-13;GRBDL-9;1539848
H88-14;GRBEZAKT-101;11334
H88-14;GRBEZAKT-102;1714
H88-14;GRBEZAKT-103;38752
H88-14;GRBEZAKT-104;27199
H88-14;GRBEZAKT-105;17933
H88-14;GRBEZAKT-106;37446
H88-14;GRBEZAKT-107;51730
H88-14;GRBEZAKT-108;38096
H88-14;GRBEZAKT-109;53365
H88-14;GRBEZAKT-201;90141
H88-14;GRBEZAKT-202;57497
H88-14;GRBEZAKT-210;30273
H88-14;GRBEZAKT-203;19757
H88-14;GRBEZAKT-204;56391
H88-14;GRBEZAKT-205;58742
H88-14;GRBEZAKT-206;81719
H88-14;GRBEZAKT-207;64698
H88-14;GRBEZAKT-208;43575
H88-14;GRBEZAKT-209;56611
H88-14;GRBEZAKT-301;23713
H88-14;GRBEZAKT-302;49121
H88-14;GRBEZAKT-303;11662
H88-14;GRBEZAKT-304;37627
H88-14;GRBEZAKT-305;109188
H88-14;GRBEZAKT-306;126892
H88-14;GRBEZAKT-307;83824
H88-14;GRBEZAKT-308;88475
H88-14;GRBEZAKT-309;40050
H88-14;GRBEZAKT-310;50070
H88-14;GRBEZAKT-311;32400
H88-14;GRBEZAKT-312;76212
H88-14;GRBEZAKT-313;54407
H88-14;GRBEZAKT-314;27084
H88-14;GRBEZAKT-315;75287
H88-14;GRBEZAKT-316;72726
H88-14;GRBEZAKT-317;106374
H88-14;GRBEZAKT-318;85769
H88-14;GRBEZAKT-319;118461
H88-14;GRBEZAKT-320;41324
H88-14;GRBEZAKT-321;89397
H88-14;GRBEZAKT-322;28197
H88-14;GRBEZAKT-323;71909
H88-14;GRBEZAKT-325;45635
H88-14;GRBEZAKT-401;183504
H88-14;GRBEZAKT-402;39340
H88-14;GRBEZAKT-403;56478
H88-14;GRBEZAKT-404;95189
H88-14;GRBEZAKT-405;30718
H88-14;GRBEZAKT-406;64008
H88-14;GRBEZAKT-407;99355
H88-14;GRBEZAKT-408;61960
H88-14;GRBEZAKT-409;55167
H88-14;GRBEZAKT-410;129059
H88-14;GRBEZAKT-411;63955
H88-14;GRBEZAKT-412;58203
H88-14;GRBEZAKT-413;57355
H88-14;GRBEZAKT-414;56996
H88-14;GRBEZAKT-415;57611
H88-14;GRBEZAKT-416;78296
H88-14;GRBEZAKT-417;126603
H88-14;GRBEZAKT-418;63000
H88-14;GRBEZAKT-501;142662
H88-14;GRBEZAKT-502;54282
H88-14;GRBEZAKT-503;135104
H88-14;GRBEZAKT-504;77872
H88-14;GRBEZAKT-505;21283
H88-14;GRBEZAKT-506;84124
H88-14;GRBEZAKT-601;226244
H88-14;GRBEZAKT-621;107934
H88-14;GRBEZAKT-603;61498
H88-14;GRBEZAKT-606;131488
H88-14;GRBEZAKT-622;91415
H88-14;GRBEZAKT-610;77572
H88-14;GRBEZAKT-611;66748
H88-14;GRBEZAKT-612;83254
H88-14;GRBEZAKT-620;77879
H88-14;GRBEZAKT-614;31472
H88-14;GRBEZAKT-623;88189
H88-14;GRBEZAKT-616;53588
H88-14;GRBEZAKT-617;86022
H88-14;GRBEZAKT-701;113392
H88-14;GRBEZAKT-702;52658
H88-14;GRBEZAKT-703;154940
H88-14;GRBEZAKT-704;59191
H88-14;GRBEZAKT-705;93702
H88-14;GRBEZAKT-706;42799
H88-14;GRBEZAKT-707;50404
H88-14;GRBEZAKT-708;31584
H88-14;GRBEZAKT-709;74834
H88-14;GRBEZAKT-801;60471
H88-14;GRBEZAKT-802;121123
H88-14;GRBEZAKT-803;75901
H88-14;GRBEZAKT-804;93600
H88-14;GRBEZAKT-900;1550123
H88-14;GRBDL-1;277569
H88-14;GRBDL-2;559404
H88-14;GRBDL-3;1545804
H88-14;GRBDL-4;1376797
H88-14;GRBDL-5;515327
H88-14;GRBDL-6;1183303
H88-14;GRBDL-7;673504
H88-14;GRBDL-8;351095
H88-14;GRBDL-9;1550123
H88-15;GRBEZAKT-101;13101
H88-15;GRBEZAKT-102;1896
H88-15;GRBEZAKT-103;40936
H88-15;GRBEZAKT-104;26624
H88-15;GRBEZAKT-105;17573
H88-15;GRBEZAKT-106;39050
H88-15;GRBEZAKT-107;55337
H88-15;GRBEZAKT-108;37583
H88-15;GRBEZAKT-109;53585
H88-15;GRBEZAKT-201;94483
H88-15;GRBEZAKT-202;59324
H88-15;GRBEZAKT-210;30285
H88-15;GRBEZAKT-203;18718
H88-15;GRBEZAKT-204;58499
H88-15;GRBEZAKT-205;56061
H88-15;GRBEZAKT-206;78043
H88-15;GRBEZAKT-207;64499
H88-15;GRBEZAKT-208;42237
H88-15;GRBEZAKT-209;54024
H88-15;GRBEZAKT-301;24032
H88-15;GRBEZAKT-302;51955
H88-15;GRBEZAKT-303;11455
H88-15;GRBEZAKT-304;41305
H88-15;GRBEZAKT-305;112355
H88-15;GRBEZAKT-306;139039
H88-15;GRBEZAKT-307;92808
H88-15;GRBEZAKT-308;95841
H88-15;GRBEZAKT-309;37761
H88-15;GRBEZAKT-310;50301
H88-15;GRBEZAKT-311;31429
H88-15;GRBEZAKT-312;85559
H88-15;GRBEZAKT-313;55874
H88-15;GRBEZAKT-314;26369
H88-15;GRBEZAKT-315;76344
H88-15;GRBEZAKT-316;73962
H88-15;GRBEZAKT-317;114086
H88-15;GRBEZAKT-318;85460
H88-15;GRBEZAKT-319;125438
H88-15;GRBEZAKT-320;41020
H88-15;GRBEZAKT-321;96791
H88-15;GRBEZAKT-322;26738
H88-15;GRBEZAKT-323;75064
H88-15;GRBEZAKT-325;43707
H88-15;GRBEZAKT-401;189889
H88-15;GRBEZAKT-402;38205
H88-15;GRBEZAKT-403;58591
H88-15;GRBEZAKT-404;97826
H88-15;GRBEZAKT-405;31741
H88-15;GRBEZAKT-406;65113
H88-15;GRBEZAKT-407;99403
H88-15;GRBEZAKT-408;62555
H88-15;GRBEZAKT-409;55557
H88-15;GRBEZAKT-410;139116
H88-15;GRBEZAKT-411;65738
H88-15;GRBEZAKT-412;58553
H88-15;GRBEZAKT-413;56170
H88-15;GRBEZAKT-414;56426
H88-15;GRBEZAKT-415;58700
H88-15;GRBEZAKT-416;81918
H88-15;GRBEZAKT-417;130316
H88-15;GRBEZAKT-418;67945
H88-15;GRBEZAKT-501;145270
H88-15;GRBEZAKT-502;57651
H88-15;GRBEZAKT-503;143081
H88-15;GRBEZAKT-504;78138
H88-15;GRBEZAKT-505;20502
H88-15;GRBEZAKT-506;84424
H88-15;GRBEZAKT-601;261726
H88-15;GRBEZAKT-621;101979
H88-15;GRBEZAKT-603;60689
H88-15;GRBEZAKT-606;143248
H88-15;GRBEZAKT-622;90117
H88-15;GRBEZAKT-610;79462
H88-15;GRBEZAKT-611;61912
H88-15;GRBEZAKT-612;80144
H88-15;GRBEZAKT-620;73684
H88-15;GRBEZAKT-614;29186
H88-15;GRBEZAKT-623;86592
H88-15;GRBEZAKT-616;52063
H88-15;GRBEZAKT-617;87773
H88-15;GRBEZAKT-701;119617
H88-15;GRBEZAKT-702;56557
H88-15;GRBEZAKT-703;166762
H88-15;GRBEZAKT-704;61705
H88-15;GRBEZAKT-705;101047
H88-15;GRBEZAKT-706;43591
H88-15;GRBEZAKT-707;49319
H88-15;GRBEZAKT-708;31618
H88-15;GRBEZAKT-709;79103
H88-15;GRBEZAKT-801;61025
H88-15;GRBEZAKT-802;126930
H88-15;GRBEZAKT-803;82386
H88-15;GRBEZAKT-804;100099
H88-15;GRBEZAKT-900;1714227
H88-15;GRBDL-1;285685
H88-15;GRBDL-2;556173
H88-15;GRBDL-3;1614693
H88-15;GRBDL-4;1413762
H88-15;GRBDL-5;529066
H88-15;GRBDL-6;1208575
H88-15;GRBDL-7;709319
H88-15;GRBDL-8;370440
H88-15;GRBDL-9;1714227
